{
	"credit": "Blockbench Model - Do you want a textured model? Contact me on Discord: CesarZorak#0808",
	"parent": "fancy_ore",
	"textures": {
		"0": "minecraft:block/netherrack",
		"2": "minecraft:block/fancy_ores/ancient_debris_top",
		"3": "minecraft:block/fancy_ores/ancient_debris_side",
		"particle": "minecraft:block/netherrack"
	},
	"elements": [
		{
			"name": "block",
			"from": [0, 0, 0],
			"to": [16, 16, 16],
			"rotation": {"angle": 0, "axis": "y", "origin": [8, 8, 8]},
			"faces": {
				"north": {"uv": [0, 0, 16, 16], "texture": "#0", "cullface": "north"},
				"east": {"uv": [0, 0, 16, 16], "texture": "#0", "cullface": "east"},
				"south": {"uv": [0, 0, 16, 16], "texture": "#0", "cullface": "south"},
				"west": {"uv": [0, 0, 16, 16], "texture": "#0", "cullface": "west"},
				"up": {"uv": [0, 0, 16, 16], "texture": "#0", "cullface": "up"},
				"down": {"uv": [0, 0, 16, 16], "texture": "#0", "cullface": "down"}
			}
		},
		{
			"name": "top_0",
			"from": [2.85, 15.85, 1.85],
			"to": [15.15, 20.15, 5.15],
			"rotation": {"angle": 0, "axis": "y", "origin": [8, 8, 8]},
			"faces": {
				"north": {"uv": [0, 12, 12, 16], "texture": "#2", "cullface": "up"},
				"east": {"uv": [5, 8, 8, 12], "texture": "#2", "cullface": "up"},
				"south": {"uv": [0, 12, 12, 16], "texture": "#2", "cullface": "up"},
				"west": {"uv": [13, 12, 16, 16], "texture": "#2", "cullface": "up"},
				"up": {"uv": [12, 8, 0, 5], "texture": "#2", "cullface": "up"}
			}
		},
		{
			"name": "top_1",
			"from": [11.85, 15.85, 5.15],
			"to": [15.15, 20.15, 10.45],
			"rotation": {"angle": 0, "axis": "y", "origin": [8, 8, 8]},
			"faces": {
				"east": {"uv": [0, 8, 5, 12], "texture": "#2", "cullface": "up"},
				"south": {"uv": [16, 12, 13, 16], "texture": "#2", "cullface": "up"},
				"west": {"uv": [5, 8, 0, 12], "texture": "#2", "cullface": "up"},
				"up": {"uv": [3, 5, 0, 0], "texture": "#2", "cullface": "up"}
			}
		},
		{
			"name": "top_2",
			"from": [5.85, 15.85, 6.85],
			"to": [10.15, 20.15, 11.15],
			"rotation": {"angle": 45, "axis": "y", "origin": [8, 8, 8]},
			"faces": {
				"north": {"uv": [12, 8, 16, 12], "texture": "#2", "cullface": "up"},
				"east": {"uv": [12, 8, 16, 12], "texture": "#2", "cullface": "up"},
				"south": {"uv": [12, 8, 16, 12], "texture": "#2", "cullface": "up"},
				"west": {"uv": [12, 8, 16, 12], "texture": "#2", "cullface": "up"},
				"up": {"uv": [12, 4, 16, 8], "rotation": 90, "texture": "#2", "cullface": "up"}
			}
		},
		{
			"name": "top_3",
			"from": [1, 14, 3],
			"to": [4, 18, 9],
			"rotation": {"angle": 22.5, "axis": "x", "origin": [8, 8, 8]},
			"faces": {
				"north": {"uv": [13, 12, 16, 16], "texture": "#2", "cullface": "up"},
				"east": {"uv": [6, 8, 0, 12], "texture": "#2", "cullface": "up"},
				"south": {"uv": [13, 12, 16, 16], "texture": "#2", "cullface": "up"},
				"west": {"uv": [0, 8, 6, 12], "texture": "#2", "cullface": "up"},
				"up": {"uv": [0, 0, 6, 3], "rotation": 90, "texture": "#3", "cullface": "up"}
			}
		},
		{
			"name": "top_4",
			"from": [6, 13, 12],
			"to": [17, 17, 15],
			"rotation": {"angle": 22.5, "axis": "z", "origin": [8, 8, 8]},
			"faces": {
				"north": {"uv": [12, 12, 1, 16], "texture": "#2", "cullface": "up"},
				"east": {"uv": [13, 12, 16, 16], "texture": "#2", "cullface": "up"},
				"south": {"uv": [1, 12, 12, 16], "texture": "#2", "cullface": "up"},
				"west": {"uv": [13, 12, 16, 16], "texture": "#2", "cullface": "up"},
				"up": {"uv": [5, 0, 16, 3], "texture": "#2", "cullface": "up"}
			}
		},
		{
			"name": "front_0",
			"from": [8, 8, -3],
			"to": [15, 15, 0],
			"rotation": {"angle": -45, "axis": "x", "origin": [8, 8, 8]},
			"faces": {
				"north": {"uv": [0, 9, 7, 16], "texture": "#3", "cullface": "north"},
				"east": {"uv": [9, 0, 12, 7], "texture": "#3", "cullface": "north"},
				"south": {"uv": [0, 9, 7, 16], "texture": "#3", "cullface": "north"},
				"west": {"uv": [9, 0, 12, 7], "texture": "#3", "cullface": "north"},
				"up": {"uv": [7, 7, 0, 4], "texture": "#3", "cullface": "north"}
			}
		},
		{
			"name": "front_1",
			"from": [1, 4, -2],
			"to": [8, 11, 1],
			"rotation": {"angle": -22.5, "axis": "x", "origin": [8, 8, 8]},
			"faces": {
				"north": {"uv": [0, 9, 7, 16], "texture": "#3", "cullface": "north"},
				"east": {"uv": [9, 0, 12, 7], "texture": "#3", "cullface": "north"},
				"south": {"uv": [0, 9, 7, 16], "texture": "#3", "cullface": "north"},
				"west": {"uv": [9, 0, 12, 7], "texture": "#3", "cullface": "north"},
				"up": {"uv": [7, 7, 0, 4], "texture": "#3", "cullface": "north"}
			}
		},
		{
			"name": "front_2",
			"from": [8, 8, -1],
			"to": [14, 15, 2],
			"rotation": {"angle": -22.5, "axis": "x", "origin": [8, 8, 8]},
			"faces": {
				"north": {"uv": [8, 9, 14, 16], "texture": "#3", "cullface": "north"},
				"east": {"uv": [13, 0, 16, 7], "texture": "#3", "cullface": "north"},
				"south": {"uv": [8, 9, 14, 16], "texture": "#3", "cullface": "north"},
				"west": {"uv": [13, 0, 16, 7], "texture": "#3", "cullface": "north"},
				"up": {"uv": [6, 3, 0, 0], "texture": "#3", "cullface": "north"}
			}
		},
		{
			"name": "front_3",
			"from": [0.85, 8.85, -0.15],
			"to": [7.15, 16.15, 3.15],
			"rotation": {"angle": -22.5, "axis": "x", "origin": [8, 8, 8]},
			"faces": {
				"north": {"uv": [8, 9, 14, 16], "texture": "#3", "cullface": "north"},
				"east": {"uv": [13, 0, 16, 7], "texture": "#3", "cullface": "north"},
				"south": {"uv": [8, 9, 14, 16], "texture": "#3", "cullface": "north"},
				"west": {"uv": [13, 0, 16, 7], "texture": "#3", "cullface": "north"},
				"up": {"uv": [0, 3, 6, 0], "texture": "#3", "cullface": "north"}
			}
		},
		{
			"name": "back_0",
			"from": [7.85, 8.85, 14.85],
			"to": [15.15, 16.15, 18.15],
			"rotation": {"angle": 45, "axis": "x", "origin": [8, 8, 8]},
			"faces": {
				"north": {"uv": [0, 9, 7, 16], "texture": "#3", "cullface": "south"},
				"east": {"uv": [9, 0, 12, 7], "texture": "#3", "cullface": "south"},
				"south": {"uv": [0, 9, 7, 16], "texture": "#3", "cullface": "south"},
				"west": {"uv": [9, 0, 12, 7], "texture": "#3", "cullface": "south"},
				"up": {"uv": [0, 4, 7, 7], "texture": "#3", "cullface": "south"}
			}
		},
		{
			"name": "back_1",
			"from": [1, 10, 14],
			"to": [8, 17, 17],
			"rotation": {"angle": 45, "axis": "x", "origin": [8, 8, 8]},
			"faces": {
				"north": {"uv": [0, 9, 7, 16], "texture": "#3", "cullface": "south"},
				"east": {"uv": [9, 0, 12, 7], "texture": "#3", "cullface": "south"},
				"south": {"uv": [0, 9, 7, 16], "texture": "#3", "cullface": "south"},
				"west": {"uv": [9, 0, 12, 7], "texture": "#3", "cullface": "south"},
				"up": {"uv": [0, 4, 7, 7], "texture": "#3", "cullface": "south"}
			}
		},
		{
			"name": "back_2",
			"from": [9, 9, 13],
			"to": [15, 16, 16],
			"rotation": {"angle": 22.5, "axis": "x", "origin": [8, 8, 8]},
			"faces": {
				"north": {"uv": [8, 9, 14, 16], "texture": "#3", "cullface": "south"},
				"east": {"uv": [13, 0, 16, 7], "texture": "#3", "cullface": "south"},
				"south": {"uv": [8, 9, 14, 16], "texture": "#3", "cullface": "south"},
				"west": {"uv": [13, 0, 16, 7], "texture": "#3", "cullface": "south"},
				"up": {"uv": [6, 0, 0, 3], "texture": "#3", "cullface": "south"}
			}
		},
		{
			"name": "back_3",
			"from": [2, 10, 13],
			"to": [8, 17, 16],
			"rotation": {"angle": 22.5, "axis": "x", "origin": [8, 8, 8]},
			"faces": {
				"north": {"uv": [8, 9, 14, 16], "texture": "#3", "cullface": "south"},
				"east": {"uv": [13, 0, 16, 7], "texture": "#3", "cullface": "south"},
				"south": {"uv": [8, 9, 14, 16], "texture": "#3", "cullface": "south"},
				"west": {"uv": [13, 0, 16, 7], "texture": "#3", "cullface": "south"},
				"up": {"uv": [0, 0, 6, 3], "texture": "#3", "cullface": "south"}
			}
		},
		{
			"name": "right_0",
			"from": [13.85, 9.85, 0.85],
			"to": [17.15, 17.15, 8.15],
			"rotation": {"angle": -45, "axis": "z", "origin": [8, 8, 8]},
			"faces": {
				"north": {"uv": [9, 0, 12, 7], "texture": "#3", "cullface": "east"},
				"east": {"uv": [0, 9, 7, 16], "texture": "#3", "cullface": "east"},
				"south": {"uv": [9, 0, 12, 7], "texture": "#3", "cullface": "east"},
				"west": {"uv": [0, 9, 7, 16], "texture": "#3", "cullface": "east"},
				"up": {"uv": [7, 7, 0, 4], "rotation": 90, "texture": "#3", "cullface": "east"}
			}
		},
		{
			"name": "right_1",
			"from": [15, 5, 8],
			"to": [18, 12, 15],
			"rotation": {"angle": -22.5, "axis": "z", "origin": [8, 8, 8]},
			"faces": {
				"north": {"uv": [9, 0, 12, 7], "texture": "#3", "cullface": "east"},
				"east": {"uv": [0, 9, 7, 16], "texture": "#3", "cullface": "east"},
				"south": {"uv": [9, 0, 12, 7], "texture": "#3", "cullface": "east"},
				"west": {"uv": [0, 9, 7, 16], "texture": "#3", "cullface": "east"},
				"up": {"uv": [7, 7, 0, 4], "rotation": 90, "texture": "#3", "cullface": "east"}
			}
		},
		{
			"name": "right_2",
			"from": [12.85, 8.85, 7.85],
			"to": [16.15, 16.15, 14.15],
			"rotation": {"angle": -22.5, "axis": "z", "origin": [8, 8, 8]},
			"faces": {
				"north": {"uv": [13, 0, 16, 7], "texture": "#3", "cullface": "east"},
				"east": {"uv": [8, 9, 14, 16], "texture": "#3", "cullface": "east"},
				"south": {"uv": [13, 0, 16, 7], "texture": "#3", "cullface": "east"},
				"west": {"uv": [8, 9, 14, 16], "texture": "#3", "cullface": "east"},
				"up": {"uv": [6, 3, 0, 0], "rotation": 90, "texture": "#3", "cullface": "east"}
			}
		},
		{
			"name": "right_3",
			"from": [12, 11, 1],
			"to": [15, 18, 7],
			"rotation": {"angle": -22.5, "axis": "z", "origin": [8, 8, 8]},
			"faces": {
				"north": {"uv": [13, 0, 16, 7], "texture": "#3", "cullface": "east"},
				"east": {"uv": [8, 9, 14, 16], "texture": "#3", "cullface": "east"},
				"south": {"uv": [13, 0, 16, 7], "texture": "#3", "cullface": "east"},
				"west": {"uv": [8, 9, 14, 16], "texture": "#3", "cullface": "east"},
				"up": {"uv": [0, 3, 6, 0], "rotation": 90, "texture": "#3", "cullface": "east"}
			}
		},
		{
			"name": "left_0",
			"from": [-3, 8, 8],
			"to": [0, 15, 15],
			"rotation": {"angle": 45, "axis": "z", "origin": [8, 8, 8]},
			"faces": {
				"north": {"uv": [9, 0, 12, 7], "texture": "#3", "cullface": "west"},
				"east": {"uv": [0, 9, 7, 16], "texture": "#3", "cullface": "west"},
				"south": {"uv": [9, 0, 12, 7], "texture": "#3", "cullface": "west"},
				"west": {"uv": [0, 9, 7, 16], "texture": "#3", "cullface": "west"},
				"up": {"uv": [0, 4, 7, 7], "rotation": 90, "texture": "#3", "cullface": "west"}
			}
		},
		{
			"name": "left_1",
			"from": [-2.15, 8.85, 0.85],
			"to": [1.15, 16.15, 8.15],
			"rotation": {"angle": 45, "axis": "z", "origin": [8, 8, 8]},
			"faces": {
				"north": {"uv": [9, 0, 12, 7], "texture": "#3", "cullface": "west"},
				"east": {"uv": [0, 9, 7, 16], "texture": "#3", "cullface": "west"},
				"south": {"uv": [9, 0, 12, 7], "texture": "#3", "cullface": "west"},
				"west": {"uv": [0, 9, 7, 16], "texture": "#3", "cullface": "west"},
				"up": {"uv": [0, 4, 7, 7], "rotation": 90, "texture": "#3", "cullface": "west"}
			}
		},
		{
			"name": "left_2",
			"from": [-1.15, 7.85, 7.85],
			"to": [2.15, 15.15, 14.15],
			"rotation": {"angle": 22.5, "axis": "z", "origin": [8, 8, 8]},
			"faces": {
				"north": {"uv": [13, 0, 16, 7], "texture": "#3", "cullface": "west"},
				"east": {"uv": [8, 9, 14, 16], "texture": "#3", "cullface": "west"},
				"south": {"uv": [13, 0, 16, 7], "texture": "#3", "cullface": "west"},
				"west": {"uv": [8, 9, 14, 16], "texture": "#3", "cullface": "west"},
				"up": {"uv": [6, 0, 0, 3], "rotation": 90, "texture": "#3", "cullface": "west"}
			}
		},
		{
			"name": "left_3",
			"from": [0, 9, 2],
			"to": [3, 16, 8],
			"rotation": {"angle": 22.5, "axis": "z", "origin": [8, 8, 8]},
			"faces": {
				"north": {"uv": [13, 0, 16, 7], "texture": "#3", "cullface": "west"},
				"east": {"uv": [8, 9, 14, 16], "texture": "#3", "cullface": "west"},
				"south": {"uv": [13, 0, 16, 7], "texture": "#3", "cullface": "west"},
				"west": {"uv": [8, 9, 14, 16], "texture": "#3", "cullface": "west"},
				"up": {"uv": [0, 0, 6, 3], "rotation": 90, "texture": "#3", "cullface": "west"}
			}
		},
		{
			"name": "down_0",
			"from": [5.75, -4.25, 5.75],
			"to": [10.25, 0.25, 10.25],
			"rotation": {"angle": 0, "axis": "y", "origin": [8, 8, 8]},
			"faces": {
				"north": {"uv": [12, 12, 16, 8], "texture": "#2", "cullface": "down"},
				"east": {"uv": [12, 12, 16, 8], "texture": "#2", "cullface": "down"},
				"south": {"uv": [12, 12, 16, 8], "texture": "#2", "cullface": "down"},
				"west": {"uv": [12, 12, 16, 8], "texture": "#2", "cullface": "down"},
				"down": {"uv": [12, 4, 16, 8], "rotation": 270, "texture": "#2", "cullface": "down"}
			}
		},
		{
			"name": "down_1",
			"from": [0.85, -4.15, 0.85],
			"to": [13.15, 0.15, 4.15],
			"rotation": {"angle": 0, "axis": "y", "origin": [8, 8, 8]},
			"faces": {
				"north": {"uv": [12, 16, 0, 12], "texture": "#2", "cullface": "down"},
				"east": {"uv": [13, 16, 16, 12], "texture": "#2", "cullface": "down"},
				"south": {"uv": [0, 16, 12, 12], "texture": "#2", "cullface": "down"},
				"west": {"uv": [8, 12, 5, 8], "texture": "#2", "cullface": "down"},
				"down": {"uv": [0, 5, 12, 8], "texture": "#2", "cullface": "down"}
			}
		},
		{
			"name": "down_2",
			"from": [0.9, -4.1, 3.9],
			"to": [4.1, 0.1, 9.1],
			"rotation": {"angle": -22.5, "axis": "x", "origin": [2, -4, 4]},
			"faces": {
				"north": {"uv": [12, 8, 0, 4], "texture": "#2", "cullface": "down"},
				"east": {"uv": [0, 12, 5, 8], "texture": "#2", "cullface": "down"},
				"south": {"uv": [13, 16, 16, 12], "texture": "#2", "cullface": "down"},
				"west": {"uv": [5, 12, 0, 8], "texture": "#2", "cullface": "down"},
				"down": {"uv": [0, 0, 3, 5], "texture": "#2", "cullface": "down"}
			}
		},
		{
			"name": "down_3",
			"from": [11.85, -4.15, 4.85],
			"to": [15.15, 0.15, 12.15],
			"rotation": {"angle": -22.5, "axis": "y", "origin": [8, 8, 8]},
			"faces": {
				"north": {"uv": [16, 16, 13, 12], "texture": "#2", "cullface": "down"},
				"east": {"uv": [7, 13, 0, 9], "texture": "#3", "cullface": "down"},
				"south": {"uv": [13, 16, 16, 12], "texture": "#2", "cullface": "down"},
				"west": {"uv": [0, 13, 7, 9], "texture": "#3", "cullface": "down"},
				"down": {"uv": [7, 7, 0, 4], "rotation": 90, "texture": "#3", "cullface": "down"}
			}
		},
		{
			"name": "down_4",
			"from": [3.85, -1.15, 11.85],
			"to": [15.15, 3.15, 15.15],
			"rotation": {"angle": -22.5, "axis": "z", "origin": [8, 8, 8]},
			"faces": {
				"north": {"uv": [12, 16, 1, 12], "texture": "#2", "cullface": "down"},
				"east": {"uv": [11, 4, 8, 0], "texture": "#2", "cullface": "down"},
				"south": {"uv": [1, 16, 12, 12], "texture": "#2", "cullface": "down"},
				"west": {"uv": [8, 4, 11, 0], "texture": "#2", "cullface": "down"},
				"down": {"uv": [5, 3, 16, 0], "texture": "#2", "cullface": "down"}
			}
		}
	],
	"display": {
		"thirdperson_righthand": {
			"rotation": [75, 45, 0],
			"translation": [0, 2.5, 0],
			"scale": [0.3, 0.3, 0.3]
		},
		"thirdperson_lefthand": {
			"rotation": [75, 45, 0],
			"translation": [0, 2.5, 0],
			"scale": [0.3, 0.3, 0.3]
		},
		"firstperson_righthand": {
			"rotation": [0, 45, 0],
			"scale": [0.3, 0.3, 0.3]
		},
		"firstperson_lefthand": {
			"rotation": [0, 225, 0],
			"scale": [0.3, 0.3, 0.3]
		},
		"ground": {
			"translation": [0, 3, 0],
			"scale": [0.25, 0.25, 0.25]
		},
		"gui": {
			"rotation": [30, 225, 0],
			"scale": [0.55, 0.55, 0.55]
		},
		"fixed": {
			"scale": [0.5, 0.5, 0.5]
		}
	},
	"groups": [
		{
			"name": "stone",
			"origin": [8, 8, 8],
			"children": [0,
				{
					"name": "ore",
					"origin": [8, 8, 8],
					"children": [1, 2, 3, 4, 5, 6, 7, 8, 9, 10, 11, 12, 13, 14, 15, 16, 17, 18, 19, 20, 21, 22, 23, 24, 25, 26]
				}
			]
		}
	]
}