{
	"credit": "Blockbench Model - Do you want a textured model? Contact me on Discord: CesarZorak#0808",
	"parent": "fancy_ore",
	"textures": {
		"0": "minecraft:block/deepslate",
		"1": "minecraft:block/deepslate_top",
		"2": "minecraft:block/fancy_ores/coal_ore",
		"particle": "minecraft:block/deepslate"
	},
	"elements": [
		{
			"name": "block",
			"from": [0, 0, 0],
			"to": [16, 16, 16],
			"rotation": {"angle": 0, "axis": "y", "origin": [8, 8, 8]},
			"faces": {
				"north": {"uv": [0, 0, 16, 16], "texture": "#0", "cullface": "north"},
				"east": {"uv": [0, 0, 16, 16], "texture": "#0", "cullface": "east"},
				"south": {"uv": [0, 0, 16, 16], "texture": "#0", "cullface": "south"},
				"west": {"uv": [0, 0, 16, 16], "texture": "#0", "cullface": "west"},
				"up": {"uv": [0, 0, 16, 16], "texture": "#1", "cullface": "up"},
				"down": {"uv": [0, 0, 16, 16], "texture": "#1", "cullface": "down"}
			}
		},
		{
			"name": "top_0",
			"from": [2.85, 15.85, 0.85],
			"to": [9.15, 19.15, 7.15],
			"rotation": {"angle": 22.5, "axis": "y", "origin": [8, 8, 8]},
			"faces": {
				"north": {"uv": [0, 7, 6, 10], "texture": "#2", "cullface": "up"},
				"east": {"uv": [6, 7, 0, 10], "texture": "#2", "cullface": "up"},
				"south": {"uv": [0, 7, 6, 10], "texture": "#2", "cullface": "up"},
				"west": {"uv": [6, 7, 0, 10], "texture": "#2", "cullface": "up"},
				"up": {"uv": [0, 0, 6, 6], "texture": "#2", "cullface": "up"}
			}
		},
		{
			"name": "top_1",
			"from": [5, 15, 7],
			"to": [10, 21, 12],
			"rotation": {"angle": -22.5, "axis": "z", "origin": [8, 8, 8]},
			"faces": {
				"north": {"uv": [7, 6, 12, 12], "texture": "#2", "cullface": "up"},
				"east": {"uv": [12, 6, 7, 12], "texture": "#2", "cullface": "up"},
				"south": {"uv": [12, 6, 7, 12], "texture": "#2", "cullface": "up"},
				"west": {"uv": [12, 6, 7, 12], "texture": "#2", "cullface": "up"},
				"up": {"uv": [7, 0, 12, 5], "texture": "#2", "cullface": "up"}
			}
		},
		{
			"name": "top_2",
			"from": [1, 16, 6],
			"to": [5, 19, 10],
			"rotation": {"angle": 22.5, "axis": "x", "origin": [8, 8, 8]},
			"faces": {
				"north": {"uv": [12, 13, 16, 16], "texture": "#2", "cullface": "up"},
				"east": {"uv": [16, 13, 12, 16], "texture": "#2", "cullface": "up"},
				"south": {"uv": [12, 13, 16, 16], "texture": "#2", "cullface": "up"},
				"west": {"uv": [16, 13, 12, 16], "texture": "#2", "cullface": "up"},
				"up": {"uv": [12, 8, 16, 12], "texture": "#2", "cullface": "up"}
			}
		},
		{
			"name": "down_0",
			"from": [4.85, -6.15, 1.85],
			"to": [10.15, 0.15, 7.15],
			"rotation": {"angle": 45, "axis": "y", "origin": [8, 8, 8]},
			"faces": {
				"north": {"uv": [12, 12, 7, 6], "texture": "#2", "cullface": "down"},
				"east": {"uv": [7, 12, 12, 6], "texture": "#2", "cullface": "down"},
				"south": {"uv": [12, 12, 7, 6], "texture": "#2", "cullface": "down"},
				"west": {"uv": [7, 12, 12, 6], "texture": "#2", "cullface": "down"},
				"down": {"uv": [7, 0, 12, 5], "rotation": 180, "texture": "#2", "cullface": "down"}
			}
		},
		{
			"name": "down_1",
			"from": [6, -3, 9],
			"to": [9, 0, 12],
			"rotation": {"angle": -22.5, "axis": "z", "origin": [8, 8, 8]},
			"faces": {
				"north": {"uv": [13, 7, 16, 4], "texture": "#2", "cullface": "down"},
				"east": {"uv": [16, 7, 13, 4], "texture": "#2", "cullface": "down"},
				"south": {"uv": [13, 7, 16, 4], "texture": "#2", "cullface": "down"},
				"west": {"uv": [13, 7, 16, 4], "texture": "#2", "cullface": "down"},
				"down": {"uv": [13, 0, 16, 3], "texture": "#2", "cullface": "down"}
			}
		},
		{
			"name": "down_2",
			"from": [7, -4, 5],
			"to": [13, 1, 11],
			"rotation": {"angle": -22.5, "axis": "x", "origin": [8, 8, 8]},
			"faces": {
				"north": {"uv": [6, 12, 0, 7], "texture": "#2", "cullface": "down"},
				"east": {"uv": [0, 12, 6, 7], "texture": "#2", "cullface": "down"},
				"south": {"uv": [0, 12, 6, 7], "texture": "#2", "cullface": "down"},
				"west": {"uv": [6, 12, 0, 7], "texture": "#2", "cullface": "down"},
				"down": {"uv": [0, 0, 6, 6], "rotation": 90, "texture": "#2", "cullface": "down"}
			}
		},
		{
			"name": "down_3",
			"from": [6.85, -3.15, 2.85],
			"to": [11.15, 0.15, 7.15],
			"rotation": {"angle": 22.5, "axis": "z", "origin": [8, 8, 8]},
			"faces": {
				"north": {"uv": [12, 16, 16, 13], "texture": "#2", "cullface": "down"},
				"east": {"uv": [12, 16, 16, 13], "texture": "#2", "cullface": "down"},
				"south": {"uv": [16, 16, 12, 13], "texture": "#2", "cullface": "down"},
				"west": {"uv": [12, 16, 16, 13], "texture": "#2", "cullface": "down"},
				"down": {"uv": [12, 8, 16, 12], "texture": "#2", "cullface": "down"}
			}
		},
		{
			"name": "front_0",
			"from": [3, -1, -2],
			"to": [8, 4, 4],
			"rotation": {"angle": 22.5, "axis": "x", "origin": [8, 8, 8]},
			"faces": {
				"north": {"uv": [7, 0, 12, 5], "rotation": 90, "texture": "#2", "cullface": "north"},
				"east": {"uv": [7, 6, 12, 12], "rotation": 90, "texture": "#2", "cullface": "north"},
				"west": {"uv": [7, 12, 12, 6], "rotation": 90, "texture": "#2", "cullface": "north"},
				"up": {"uv": [12, 6, 7, 12], "texture": "#2", "cullface": "north"},
				"down": {"uv": [7, 12, 12, 6], "texture": "#2", "cullface": "north"}
			}
		},
		{
			"name": "front_1",
			"from": [8, -1, 0],
			"to": [14, 5, 6],
			"rotation": {"angle": 45, "axis": "x", "origin": [8, 8, 8]},
			"faces": {
				"north": {"uv": [0, 0, 6, 6], "texture": "#2", "cullface": "north"},
				"east": {"uv": [0, 7, 6, 13], "rotation": 90, "texture": "#2", "cullface": "north"},
				"west": {"uv": [0, 13, 6, 7], "rotation": 90, "texture": "#2", "cullface": "north"},
				"up": {"uv": [6, 7, 0, 13], "texture": "#2", "cullface": "north"},
				"down": {"uv": [6, 13, 0, 7], "texture": "#2", "cullface": "north"}
			}
		},
		{
			"name": "front_2",
			"from": [4.85, 10.85, -2.15],
			"to": [8.15, 14.15, 0.15],
			"rotation": {"angle": 22.5, "axis": "z", "origin": [8, 8, 8]},
			"faces": {
				"north": {"uv": [13, 0, 16, 3], "texture": "#2", "cullface": "north"},
				"east": {"uv": [16, 4, 13, 6], "rotation": 90, "texture": "#2", "cullface": "north"},
				"west": {"uv": [16, 6, 13, 4], "rotation": 90, "texture": "#2", "cullface": "north"},
				"up": {"uv": [13, 4, 16, 6], "texture": "#2", "cullface": "north"},
				"down": {"uv": [13, 6, 16, 4], "texture": "#2", "cullface": "north"}
			}
		},
		{
			"name": "back_0",
			"from": [3, -1, 10],
			"to": [8, 4, 16],
			"rotation": {"angle": -45, "axis": "x", "origin": [8, 8, 8]},
			"faces": {
				"east": {"uv": [7, 12, 12, 6], "rotation": 90, "texture": "#2", "cullface": "south"},
				"south": {"uv": [7, 0, 12, 5], "texture": "#2", "cullface": "south"},
				"west": {"uv": [7, 6, 12, 12], "rotation": 90, "texture": "#2", "cullface": "south"},
				"up": {"uv": [12, 12, 7, 6], "texture": "#2", "cullface": "south"},
				"down": {"uv": [7, 6, 12, 12], "texture": "#2", "cullface": "south"}
			}
		},
		{
			"name": "back_1",
			"from": [10, 5, 15],
			"to": [14, 9, 18],
			"rotation": {"angle": -22.5, "axis": "x", "origin": [8, 8, 8]},
			"faces": {
				"east": {"uv": [12, 16, 16, 13], "rotation": 90, "texture": "#2", "cullface": "south"},
				"south": {"uv": [12, 8, 16, 12], "texture": "#2", "cullface": "south"},
				"west": {"uv": [12, 13, 16, 16], "rotation": 90, "texture": "#2", "cullface": "south"},
				"up": {"uv": [16, 16, 12, 13], "texture": "#2", "cullface": "south"},
				"down": {"uv": [12, 13, 16, 16], "texture": "#2", "cullface": "south"}
			}
		},
		{
			"name": "back_2",
			"from": [5.85, 1.85, 15.85],
			"to": [9.15, 5.15, 19.15],
			"rotation": {"angle": 45, "axis": "z", "origin": [8, 8, 8]},
			"faces": {
				"east": {"uv": [16, 7, 13, 4], "rotation": 90, "texture": "#2", "cullface": "south"},
				"south": {"uv": [13, 0, 16, 3], "rotation": 90, "texture": "#2", "cullface": "south"},
				"west": {"uv": [13, 4, 16, 7], "rotation": 90, "texture": "#2", "cullface": "south"},
				"up": {"uv": [13, 7, 16, 4], "texture": "#2", "cullface": "south"},
				"down": {"uv": [16, 4, 13, 7], "texture": "#2", "cullface": "south"}
			}
		},
		{
			"name": "left_0",
			"from": [-4, 3, 6],
			"to": [1, 9, 12],
			"rotation": {"angle": -22.5, "axis": "y", "origin": [8, 8, 8]},
			"faces": {
				"north": {"uv": [6, 7, 0, 12], "rotation": 90, "texture": "#2", "cullface": "west"},
				"south": {"uv": [6, 12, 0, 7], "rotation": 90, "texture": "#2", "cullface": "west"},
				"west": {"uv": [0, 0, 6, 6], "texture": "#2", "cullface": "west"},
				"up": {"uv": [6, 12, 0, 7], "rotation": 90, "texture": "#2", "cullface": "west"},
				"down": {"uv": [6, 12, 0, 7], "rotation": 90, "texture": "#2", "cullface": "west"}
			}
		},
		{
			"name": "left_1",
			"from": [-1, 0, 9],
			"to": [5, 5, 14],
			"rotation": {"angle": -45, "axis": "z", "origin": [8, 8, 8]},
			"faces": {
				"north": {"uv": [7, 6, 12, 12], "rotation": 90, "texture": "#2", "cullface": "west"},
				"south": {"uv": [7, 12, 12, 6], "rotation": 90, "texture": "#2", "cullface": "west"},
				"west": {"uv": [7, 0, 12, 5], "texture": "#2", "cullface": "west"},
				"up": {"uv": [7, 12, 12, 6], "rotation": 90, "texture": "#2", "cullface": "west"},
				"down": {"uv": [12, 12, 7, 6], "rotation": 90, "texture": "#2", "cullface": "west"}
			}
		},
		{
			"name": "left_2",
			"from": [-3.15, 10.85, 4.85],
			"to": [0.15, 15.15, 9.15],
			"rotation": {"angle": -22.5, "axis": "x", "origin": [8, 8, 8]},
			"faces": {
				"north": {"uv": [16, 13, 12, 16], "rotation": 90, "texture": "#2", "cullface": "west"},
				"south": {"uv": [16, 16, 12, 13], "rotation": 90, "texture": "#2", "cullface": "west"},
				"west": {"uv": [12, 8, 16, 12], "rotation": 90, "texture": "#2", "cullface": "west"},
				"up": {"uv": [12, 16, 16, 13], "rotation": 90, "texture": "#2", "cullface": "west"},
				"down": {"uv": [16, 16, 12, 13], "rotation": 90, "texture": "#2", "cullface": "west"}
			}
		},
		{
			"name": "right_0",
			"from": [16, 8, 9],
			"to": [20, 13, 14],
			"rotation": {"angle": -22.5, "axis": "x", "origin": [8, 8, 8]},
			"faces": {
				"north": {"uv": [12, 10, 7, 6], "rotation": 90, "texture": "#2", "cullface": "east"},
				"east": {"uv": [7, 0, 12, 5], "texture": "#2", "cullface": "east"},
				"south": {"uv": [12, 6, 7, 10], "rotation": 90, "texture": "#2", "cullface": "east"},
				"up": {"uv": [7, 6, 12, 10], "rotation": 90, "texture": "#2", "cullface": "east"},
				"down": {"uv": [7, 6, 12, 10], "rotation": 90, "texture": "#2", "cullface": "east"}
			}
		},
		{
			"name": "right_1",
			"from": [13, 0, 2],
			"to": [17, 6, 8],
			"rotation": {"angle": 22.5, "axis": "z", "origin": [8, 8, 8]},
			"faces": {
				"north": {"uv": [0, 11, 6, 7], "rotation": 90, "texture": "#2", "cullface": "east"},
				"east": {"uv": [6, 0, 0, 6], "texture": "#2", "cullface": "east"},
				"south": {"uv": [0, 7, 6, 11], "rotation": 90, "texture": "#2", "cullface": "east"},
				"up": {"uv": [6, 7, 0, 11], "rotation": 90, "texture": "#2", "cullface": "east"},
				"down": {"uv": [6, 7, 0, 11], "rotation": 90, "texture": "#2", "cullface": "east"}
			}
		},
		{
			"name": "right_2",
			"from": [16, 7, 11],
			"to": [18, 11, 15],
			"rotation": {"angle": 45, "axis": "x", "origin": [8, 8, 8]},
			"faces": {
				"north": {"uv": [16, 15, 12, 13], "rotation": 90, "texture": "#2", "cullface": "east"},
				"east": {"uv": [12, 8, 16, 12], "rotation": 270, "texture": "#2", "cullface": "east"},
				"south": {"uv": [12, 13, 16, 15], "rotation": 90, "texture": "#2", "cullface": "east"},
				"up": {"uv": [16, 13, 12, 15], "rotation": 90, "texture": "#2", "cullface": "east"},
				"down": {"uv": [16, 13, 12, 15], "rotation": 90, "texture": "#2", "cullface": "east"}
			}
		}
	],
	"display": {
		"thirdperson_righthand": {
			"rotation": [75, 45, 0],
			"translation": [0, 2.5, 0],
			"scale": [0.3, 0.3, 0.3]
		},
		"thirdperson_lefthand": {
			"rotation": [75, 45, 0],
			"translation": [0, 2.5, 0],
			"scale": [0.3, 0.3, 0.3]
		},
		"firstperson_righthand": {
			"rotation": [0, 45, 0],
			"scale": [0.3, 0.3, 0.3]
		},
		"firstperson_lefthand": {
			"rotation": [0, 225, 0],
			"scale": [0.3, 0.3, 0.3]
		},
		"ground": {
			"translation": [0, 3, 0],
			"scale": [0.25, 0.25, 0.25]
		},
		"gui": {
			"rotation": [30, 225, 0],
			"scale": [0.55, 0.55, 0.55]
		},
		"fixed": {
			"scale": [0.5, 0.5, 0.5]
		}
	},
	"groups": [
		{
			"name": "stone",
			"origin": [8, 8, 8],
			"children": [0,
				{
					"name": "ore",
					"origin": [8, 8, 8],
					"children": [1, 2, 3, 4, 5, 6, 7, 8, 9, 10, 11, 12, 13, 14, 15, 16, 17, 18, 19]
				}
			]
		}
	]
}