{
	"credit": "Blockbench Model - Do you want a textured model? Contact me on Discord: CesarZorak#0808",
	"parent": "fancy_ore",
	"textures": {
		"0": "minecraft:block/blackstone",
		"1": "minecraft:block/blackstone_top",
		"2": "minecraft:block/fancy_ores/gilded_gold_ore",
		"particle": "minecraft:block/blackstone"
	},
	"elements": [
		{
			"name": "block",
			"from": [0, 0, 0],
			"to": [16, 16, 16],
			"rotation": {"angle": 0, "axis": "y", "origin": [8, 8, 8]},
			"faces": {
				"north": {"uv": [0, 0, 16, 16], "texture": "#0", "cullface": "north"},
				"east": {"uv": [0, 0, 16, 16], "texture": "#0", "cullface": "east"},
				"south": {"uv": [0, 0, 16, 16], "texture": "#0", "cullface": "south"},
				"west": {"uv": [0, 0, 16, 16], "texture": "#0", "cullface": "west"},
				"up": {"uv": [0, 0, 16, 16], "texture": "#1", "cullface": "up"},
				"down": {"uv": [0, 0, 16, 16], "texture": "#1", "cullface": "down"}
			}
		},
		{
			"name": "top_0",
			"from": [5, 15, 3],
			"to": [10, 20, 8],
			"rotation": {"angle": -22.5, "axis": "z", "origin": [8, 8, 8]},
			"faces": {
				"north": {"uv": [0, 6, 5, 11], "texture": "#2", "cullface": "up"},
				"east": {"uv": [0, 6, 5, 11], "texture": "#2", "cullface": "up"},
				"south": {"uv": [0, 6, 5, 11], "texture": "#2", "cullface": "up"},
				"west": {"uv": [5, 6, 0, 11], "texture": "#2", "cullface": "up"},
				"up": {"uv": [0, 0, 5, 5], "texture": "#2", "cullface": "up"}
			}
		},
		{
			"name": "top_1",
			"from": [6.85, 15.85, 9.85],
			"to": [11.15, 19.15, 14.15],
			"rotation": {"angle": 22.5, "axis": "y", "origin": [8, 8, 8]},
			"faces": {
				"north": {"uv": [10, 5, 6, 8], "texture": "#2", "cullface": "up"},
				"east": {"uv": [10, 5, 6, 8], "texture": "#2", "cullface": "up"},
				"south": {"uv": [6, 5, 10, 8], "texture": "#2", "cullface": "up"},
				"west": {"uv": [6, 5, 10, 8], "texture": "#2", "cullface": "up"},
				"up": {"uv": [6, 0, 10, 4], "rotation": 180, "texture": "#2", "cullface": "up"}
			}
		},
		{
			"name": "top_2",
			"from": [2, 13, 2],
			"to": [6, 19, 6],
			"rotation": {"angle": 45, "axis": "x", "origin": [8, 8, 8]},
			"faces": {
				"north": {"uv": [10, 9, 6, 15], "texture": "#2", "cullface": "up"},
				"east": {"uv": [10, 9, 6, 15], "texture": "#2", "cullface": "up"},
				"south": {"uv": [6, 9, 10, 15], "texture": "#2", "cullface": "up"},
				"west": {"uv": [6, 9, 10, 15], "texture": "#2", "cullface": "up"},
				"up": {"uv": [6, 0, 10, 4], "texture": "#2", "cullface": "up"}
			}
		},
		{
			"name": "top_3",
			"from": [3.85, 15.85, 3.85],
			"to": [7.15, 19.15, 7.15],
			"rotation": {"angle": 0, "axis": "y", "origin": [8, 8, 8]},
			"faces": {
				"north": {"uv": [14, 4, 11, 7], "texture": "#2", "cullface": "up"},
				"east": {"uv": [14, 4, 11, 7], "texture": "#2", "cullface": "up"},
				"south": {"uv": [11, 4, 14, 7], "texture": "#2", "cullface": "up"},
				"west": {"uv": [11, 4, 14, 7], "texture": "#2", "cullface": "up"},
				"up": {"uv": [11, 0, 14, 3], "rotation": 180, "texture": "#2", "cullface": "up"}
			}
		},
		{
			"name": "front_0",
			"from": [1.85, 6.85, -1.15],
			"to": [6.15, 13.15, 3.15],
			"rotation": {"angle": -22.5, "axis": "x", "origin": [7, 8, 8]},
			"faces": {
				"north": {"uv": [6, 9, 10, 15], "texture": "#2", "cullface": "north"},
				"east": {"uv": [6, 9, 10, 15], "texture": "#2", "cullface": "north"},
				"west": {"uv": [6, 9, 10, 15], "texture": "#2", "cullface": "north"},
				"up": {"uv": [6, 0, 10, 4], "texture": "#2", "cullface": "north"}
			}
		},
		{
			"name": "front_1",
			"from": [5, 9, -2],
			"to": [8, 14, 1],
			"rotation": {"angle": -45, "axis": "x", "origin": [7, 8, 8]},
			"faces": {
				"north": {"uv": [11, 8, 14, 13], "texture": "#2", "cullface": "north"},
				"east": {"uv": [11, 8, 14, 13], "texture": "#2", "cullface": "north"},
				"south": {"uv": [11, 8, 14, 13], "texture": "#2", "cullface": "north"},
				"west": {"uv": [14, 8, 11, 13], "texture": "#2", "cullface": "north"},
				"up": {"uv": [11, 0, 14, 3], "rotation": 180, "texture": "#2", "cullface": "north"}
			}
		},
		{
			"name": "front_2",
			"from": [8.85, 9.85, -2.15],
			"to": [12.15, 13.15, 0.15],
			"rotation": {"angle": -22.5, "axis": "z", "origin": [8, 8, 8]},
			"faces": {
				"north": {"uv": [11, 0, 14, 3], "rotation": 180, "texture": "#2", "cullface": "north"},
				"east": {"uv": [11, 4, 14, 6], "rotation": 90, "texture": "#2", "cullface": "north"},
				"west": {"uv": [11, 6, 14, 4], "rotation": 90, "texture": "#2", "cullface": "north"},
				"up": {"uv": [11, 4, 14, 6], "texture": "#2", "cullface": "north"},
				"down": {"uv": [11, 6, 14, 4], "texture": "#2", "cullface": "north"}
			}
		},
		{
			"name": "back_0",
			"from": [8, 12, 11],
			"to": [12, 18, 15],
			"rotation": {"angle": 45, "axis": "x", "origin": [7, 8, 8]},
			"faces": {
				"north": {"uv": [10, 9, 6, 15], "texture": "#2", "cullface": "south"},
				"east": {"uv": [6, 9, 10, 15], "texture": "#2", "cullface": "south"},
				"south": {"uv": [6, 9, 10, 15], "texture": "#2", "cullface": "south"},
				"west": {"uv": [6, 9, 10, 15], "texture": "#2", "cullface": "south"},
				"up": {"uv": [6, 0, 10, 4], "rotation": 270, "texture": "#2", "cullface": "south"}
			}
		},
		{
			"name": "back_1",
			"from": [11, 9, 13],
			"to": [14, 14, 16],
			"rotation": {"angle": 22.5, "axis": "x", "origin": [7, 8, 8]},
			"faces": {
				"east": {"uv": [11, 8, 14, 13], "texture": "#2", "cullface": "south"},
				"south": {"uv": [11, 8, 14, 13], "texture": "#2", "cullface": "south"},
				"up": {"uv": [11, 0, 14, 3], "texture": "#2", "cullface": "south"}
			}
		},
		{
			"name": "back_2",
			"from": [6, 2, 16],
			"to": [9, 5, 18],
			"rotation": {"angle": -22.5, "axis": "z", "origin": [7, 8, 8]},
			"faces": {
				"east": {"uv": [11, 6, 14, 4], "rotation": 90, "texture": "#2", "cullface": "south"},
				"south": {"uv": [11, 0, 14, 3], "rotation": 180, "texture": "#2", "cullface": "south"},
				"west": {"uv": [11, 4, 14, 6], "rotation": 90, "texture": "#2", "cullface": "south"},
				"up": {"uv": [11, 6, 14, 4], "texture": "#2", "cullface": "south"},
				"down": {"uv": [11, 4, 14, 6], "texture": "#2", "cullface": "south"}
			}
		},
		{
			"name": "back_3",
			"from": [1.85, 6.85, 15.85],
			"to": [4.15, 9.15, 17.15],
			"rotation": {"angle": 0, "axis": "y", "origin": [7, 8, 8]},
			"faces": {
				"east": {"uv": [14, 4, 16, 3], "rotation": 90, "texture": "#2", "cullface": "south"},
				"south": {"uv": [14, 0, 16, 2], "rotation": 90, "texture": "#2", "cullface": "south"},
				"west": {"uv": [14, 3, 16, 4], "rotation": 90, "texture": "#2", "cullface": "south"},
				"up": {"uv": [14, 4, 16, 3], "texture": "#2", "cullface": "south"},
				"down": {"uv": [14, 3, 16, 4], "texture": "#2", "cullface": "south"}
			}
		},
		{
			"name": "right_0",
			"from": [12.85, 8.85, 4.85],
			"to": [17.15, 15.15, 9.15],
			"rotation": {"angle": -45, "axis": "z", "origin": [7, 7, 6]},
			"faces": {
				"north": {"uv": [6, 9, 10, 15], "texture": "#2", "cullface": "east"},
				"east": {"uv": [10, 9, 6, 15], "texture": "#2", "cullface": "east"},
				"south": {"uv": [10, 9, 6, 15], "texture": "#2", "cullface": "east"},
				"west": {"uv": [10, 9, 6, 15], "texture": "#2", "cullface": "east"},
				"up": {"uv": [6, 0, 10, 4], "rotation": 90, "texture": "#2", "cullface": "east"}
			}
		},
		{
			"name": "right_1",
			"from": [15, 6, 9],
			"to": [17, 11, 11],
			"rotation": {"angle": -22.5, "axis": "z", "origin": [7, 7, 6]},
			"faces": {
				"east": {"uv": [14, 3, 16, 8], "texture": "#2", "cullface": "east"},
				"south": {"uv": [16, 3, 14, 8], "texture": "#2", "cullface": "east"},
				"up": {"uv": [14, 0, 16, 2], "rotation": 270, "texture": "#2", "cullface": "east"}
			}
		},
		{
			"name": "right_2",
			"from": [16, 11, 3],
			"to": [18, 14, 6],
			"rotation": {"angle": 0, "axis": "y", "origin": [7, 7, 6]},
			"faces": {
				"north": {"uv": [11, 6, 14, 4], "rotation": 90, "texture": "#2", "cullface": "east"},
				"east": {"uv": [14, 0, 11, 3], "rotation": 180, "texture": "#2", "cullface": "east"},
				"south": {"uv": [11, 4, 14, 6], "rotation": 90, "texture": "#2", "cullface": "east"},
				"up": {"uv": [11, 4, 14, 6], "rotation": 90, "texture": "#2", "cullface": "east"},
				"down": {"uv": [14, 4, 11, 6], "rotation": 90, "texture": "#2", "cullface": "east"}
			}
		},
		{
			"name": "right_3",
			"from": [15.85, 2.85, 11.85],
			"to": [17.15, 5.15, 14.15],
			"rotation": {"angle": -45, "axis": "x", "origin": [7, 7, 6]},
			"faces": {
				"north": {"uv": [14, 4, 16, 3], "rotation": 90, "texture": "#2", "cullface": "east"},
				"east": {"uv": [14, 0, 16, 2], "rotation": 90, "texture": "#2", "cullface": "east"},
				"south": {"uv": [14, 3, 16, 4], "rotation": 90, "texture": "#2", "cullface": "east"},
				"up": {"uv": [16, 3, 14, 4], "rotation": 90, "texture": "#2", "cullface": "east"},
				"down": {"uv": [14, 3, 16, 4], "rotation": 90, "texture": "#2", "cullface": "east"}
			}
		},
		{
			"name": "left_0",
			"from": [1, 9, 3],
			"to": [5, 15, 7],
			"rotation": {"angle": 22.5, "axis": "z", "origin": [7, 6, 6]},
			"faces": {
				"north": {"uv": [10, 9, 6, 15], "texture": "#2", "cullface": "west"},
				"south": {"uv": [6, 9, 10, 15], "texture": "#2", "cullface": "west"},
				"west": {"uv": [6, 9, 10, 15], "texture": "#2", "cullface": "west"},
				"up": {"uv": [6, 0, 10, 4], "texture": "#2", "cullface": "west"}
			}
		},
		{
			"name": "left_1",
			"from": [1, 10, 5],
			"to": [4, 15, 8],
			"rotation": {"angle": 45, "axis": "z", "origin": [7, 6, 6]},
			"faces": {
				"north": {"uv": [11, 8, 14, 13], "texture": "#2", "cullface": "west"},
				"east": {"uv": [14, 8, 11, 13], "texture": "#2", "cullface": "west"},
				"south": {"uv": [14, 8, 11, 13], "texture": "#2", "cullface": "west"},
				"west": {"uv": [11, 8, 14, 13], "texture": "#2", "cullface": "west"},
				"up": {"uv": [11, 0, 14, 3], "texture": "#2", "cullface": "west"}
			}
		},
		{
			"name": "left_2",
			"from": [-2.15, 10.85, 6.85],
			"to": [0.15, 14.15, 10.15],
			"rotation": {"angle": 45, "axis": "x", "origin": [7, 6, 6]},
			"faces": {
				"north": {"uv": [11, 4, 14, 6], "rotation": 90, "texture": "#2", "cullface": "west"},
				"south": {"uv": [11, 6, 14, 4], "rotation": 90, "texture": "#2", "cullface": "west"},
				"west": {"uv": [11, 0, 14, 3], "rotation": 180, "texture": "#2", "cullface": "west"},
				"up": {"uv": [11, 6, 14, 4], "rotation": 90, "texture": "#2", "cullface": "west"},
				"down": {"uv": [14, 6, 11, 4], "rotation": 90, "texture": "#2", "cullface": "west"}
			}
		},
		{
			"name": "down_0",
			"from": [6.85, -6.15, 3.85],
			"to": [12.15, 0.15, 9.15],
			"rotation": {"angle": -45, "axis": "y", "origin": [7, 6, 5]},
			"faces": {
				"north": {"uv": [0, 12, 5, 6], "texture": "#2", "cullface": "down"},
				"east": {"uv": [0, 12, 5, 6], "texture": "#2", "cullface": "down"},
				"south": {"uv": [0, 12, 5, 6], "texture": "#2", "cullface": "down"},
				"west": {"uv": [0, 12, 5, 6], "texture": "#2", "cullface": "down"},
				"down": {"uv": [0, 0, 5, 5], "rotation": 270, "texture": "#2", "cullface": "down"}
			}
		},
		{
			"name": "down_1",
			"from": [8.85, -4.15, 2.85],
			"to": [12.15, 0.15, 6.15],
			"rotation": {"angle": 0, "axis": "y", "origin": [7, 6, 5]},
			"faces": {
				"north": {"uv": [14, 12, 11, 8], "texture": "#2", "cullface": "down"},
				"east": {"uv": [11, 12, 14, 8], "texture": "#2", "cullface": "down"},
				"south": {"uv": [11, 12, 14, 8], "texture": "#2", "cullface": "down"},
				"west": {"uv": [14, 12, 11, 8], "texture": "#2", "cullface": "down"},
				"down": {"uv": [11, 0, 14, 3], "texture": "#2", "cullface": "down"}
			}
		},
		{
			"name": "down_2",
			"from": [3.85, -5.15, 3.85],
			"to": [6.15, 0.15, 6.15],
			"rotation": {"angle": 0, "axis": "y", "origin": [7, 6, 5]},
			"faces": {
				"north": {"uv": [16, 8, 14, 3], "texture": "#2", "cullface": "down"},
				"east": {"uv": [16, 8, 14, 3], "texture": "#2", "cullface": "down"},
				"south": {"uv": [14, 8, 16, 3], "texture": "#2", "cullface": "down"},
				"west": {"uv": [14, 8, 16, 3], "texture": "#2", "cullface": "down"},
				"down": {"uv": [14, 0, 16, 2], "texture": "#2", "cullface": "down"}
			}
		},
		{
			"name": "down_3",
			"from": [8.85, -3.15, 11.85],
			"to": [11.15, 0.15, 14.15],
			"rotation": {"angle": 22.5, "axis": "y", "origin": [7, 6, 6]},
			"faces": {
				"north": {"uv": [14, 6, 16, 3], "texture": "#2", "cullface": "down"},
				"east": {"uv": [14, 6, 16, 3], "texture": "#2", "cullface": "down"},
				"south": {"uv": [16, 6, 14, 3], "texture": "#2", "cullface": "down"},
				"west": {"uv": [16, 6, 14, 3], "texture": "#2", "cullface": "down"},
				"down": {"uv": [14, 0, 16, 2], "rotation": 180, "texture": "#2", "cullface": "down"}
			}
		},
		{
			"name": "down_4",
			"from": [2.85, -5.15, 8.85],
			"to": [6.15, 0.15, 12.15],
			"rotation": {"angle": 22.5, "axis": "y", "origin": [7, 6, 6]},
			"faces": {
				"north": {"uv": [11, 13, 14, 8], "texture": "#2", "cullface": "down"},
				"east": {"uv": [14, 13, 11, 8], "texture": "#2", "cullface": "down"},
				"south": {"uv": [14, 13, 11, 8], "texture": "#2", "cullface": "down"},
				"west": {"uv": [11, 13, 14, 8], "texture": "#2", "cullface": "down"},
				"down": {"uv": [11, 0, 14, 3], "rotation": 180, "texture": "#2", "cullface": "down"}
			}
		}
	],
	"display": {
		"thirdperson_righthand": {
			"rotation": [75, 45, 0],
			"translation": [0, 2.5, 0],
			"scale": [0.3, 0.3, 0.3]
		},
		"thirdperson_lefthand": {
			"rotation": [75, 45, 0],
			"translation": [0, 2.5, 0],
			"scale": [0.3, 0.3, 0.3]
		},
		"firstperson_righthand": {
			"rotation": [0, 45, 0],
			"scale": [0.3, 0.3, 0.3]
		},
		"firstperson_lefthand": {
			"rotation": [0, 225, 0],
			"scale": [0.3, 0.3, 0.3]
		},
		"ground": {
			"translation": [0, 3, 0],
			"scale": [0.25, 0.25, 0.25]
		},
		"gui": {
			"rotation": [30, 225, 0],
			"scale": [0.55, 0.55, 0.55]
		},
		"fixed": {
			"scale": [0.5, 0.5, 0.5]
		}
	},
	"groups": [
		{
			"name": "stone",
			"origin": [8, 8, 8],
			"children": [0,
				{
					"name": "ore",
					"origin": [8, 8, 8],
					"children": [1, 2, 3, 4, 5, 6, 7, 8, 9, 10, 11, 12, 13, 14, 15, 16, 17, 18, 19, 20, 21, 22, 23]
				}
			]
		}
	]
}