{
	"credit": "Made with Blockbench",
	"textures": {
		"flowerpot": "#wart"
	},
	"elements": [
		{
			"from": [0, 0, 0],
			"to": [16, 16, 16],
			"faces": {
				"north": {"uv": [0, 0, 16, 16], "texture": "#flowerpot"},
				"east": {"uv": [0, 0, 16, 16], "texture": "#flowerpot"},
				"south": {"uv": [0, 0, 16, 16], "texture": "#flowerpot"},
				"west": {"uv": [0, 0, 16, 16], "texture": "#flowerpot"},
				"up": {"uv": [0, 0, 16, 16], "texture": "#flowerpot"},
				"down": {"uv": [0, 0, 16, 16], "texture": "#flowerpot"}
			}
		}
	],
	"display": {
        "gui": {
            "rotation": [ 30, 135, 0 ],
            "translation": [ 0, 0, 0],
            "scale":[ 0.625, 0.625, 0.625 ]
        },
        "ground": {
            "rotation": [ 0, 0, 0 ],
            "translation": [ 0, 3, 0],
            "scale":[ 0.25, 0.25, 0.25 ]
        },
        "fixed": {
            "rotation": [ 0, 0, 0 ],
            "translation": [ 0, 0, 0],
            "scale":[ 0.5, 0.5, 0.5 ]
        },
		"thirdperson_righthand": {
			"rotation": [75, 135, 0],
			"translation": [0, 2.5, 0],
			"scale": [0.375, 0.375, 0.375]
        },
		"firstperson_righthand": {
			"rotation": [0, 135, 0],
			"scale": [0.4, 0.4, 0.4]
        },
		"firstperson_lefthand": {
			"rotation": [0, 135, 0],
			"scale": [0.4, 0.4, 0.4]
        }
    }
}
