{
	"credit": "Made with Blockbench",
	"textures": {
		"basket": "#wart2",
		"particle": "#wart",
		"flowerpot": "#wart"
	},
	"elements": [
		{
			"from": [0, 0, 0],
			"to": [16, 16, 16],
			"faces": {
				"north": {"uv": [0, 0, 16, 16], "texture": "#flowerpot"},
				"east": {"uv": [0, 0, 16, 16], "texture": "#flowerpot"},
				"south": {"uv": [0, 0, 16, 16], "texture": "#flowerpot"},
				"west": {"uv": [0, 0, 16, 16], "texture": "#flowerpot"},
				"up": {"uv": [0, 0, 16, 16], "texture": "#flowerpot"},
				"down": {"uv": [0, 0, 16, 16], "texture": "#flowerpot"}
			}
		},
		{
			"from": [2, -11, 15.85],
			"to": [3, 0, 15.85],
			"faces": {
				"south": {"uv": [2, 0, 3, 11], "texture": "#basket", "cullface": "down"}
			}
		},
		{
			"from": [3, -13, 15.85],
			"to": [4, 0, 15.85],
			"faces": {
				"south": {"uv": [3, 0, 4, 13], "texture": "#basket", "cullface": "down"}
			}
		},
		{
			"from": [1, -9, 15.85],
			"to": [2, 0, 15.85],
			"faces": {
				"south": {"uv": [1, 0, 2, 9], "texture": "#basket", "cullface": "down"}
			}
		},
		{
			"from": [0, -15, 15.85],
			"to": [1, 0, 15.85],
			"faces": {
				"south": {"uv": [0, 0, 1, 15], "texture": "#basket", "cullface": "down"}
			}
		},
		{
			"from": [5, -15, 15.85],
			"to": [6, 0, 15.85],
			"faces": {
				"south": {"uv": [5, 0, 6, 15], "texture": "#basket", "cullface": "down"}
			}
		},
		{
			"from": [7, -12, 15.85],
			"to": [8, 0, 15.85],
			"faces": {
				"south": {"uv": [7, 0, 8, 12], "texture": "#basket", "cullface": "down"}
			}
		},
		{
			"from": [8, -10, 15.85],
			"to": [9, 0, 15.85],
			"faces": {
				"south": {"uv": [8, 0, 9, 10], "texture": "#basket", "cullface": "down"}
			}
		},
		{
			"from": [15, -12, 15.85],
			"to": [16, 0, 15.85],
			"faces": {
				"south": {"uv": [15, 0, 16, 13], "texture": "#basket", "cullface": "down"}
			}
		},
		{
			"from": [14, -15, 15.85],
			"to": [15, 0, 15.85],
			"faces": {
				"south": {"uv": [14, 0, 15, 15], "texture": "#basket", "cullface": "down"}
			}
		},
		{
			"from": [13, -16, 15.85],
			"to": [14, 0, 15.85],
			"faces": {
				"south": {"uv": [13, 0, 14, 16], "texture": "#basket", "cullface": "down"}
			}
		},
		{
			"from": [6, -8, 15.85],
			"to": [7, 0, 15.85],
			"faces": {
				"south": {"uv": [6, 0, 7, 8], "texture": "#basket", "cullface": "down"}
			}
		},
		{
			"from": [12, -6, 15.85],
			"to": [13, 0, 15.85],
			"faces": {
				"south": {"uv": [12, 0, 13, 6], "texture": "#basket", "cullface": "down"}
			}
		},
		{
			"from": [4, -14, 15.85],
			"to": [5, 0, 15.85],
			"faces": {
				"south": {"uv": [4, 0, 5, 14], "texture": "#basket", "cullface": "down"}
			}
		},
		{
			"from": [11, -12, 15.85],
			"to": [12, 0, 15.85],
			"faces": {
				"south": {"uv": [11, 0, 12, 12], "texture": "#basket", "cullface": "down"}
			}
		},
		{
			"from": [10, -14, 15.85],
			"to": [11, 0, 15.85],
			"faces": {
				"south": {"uv": [10, 0, 11, 14], "texture": "#basket", "cullface": "down"}
			}
		},
		{
			"from": [9, -13, 15.85],
			"to": [10, 0, 15.85],
			"faces": {
				"south": {"uv": [9, 0, 10, 13], "texture": "#basket", "cullface": "down"}
			}
		},
		{
			"from": [0.15, -11, 2],
			"to": [0.15, 0, 3],
			"faces": {
				"west": {"uv": [2, 0, 3, 11], "texture": "#basket", "cullface": "down"}
			}
		},
		{
			"from": [0.15, -13, 3],
			"to": [0.15, 0, 4],
			"faces": {
				"west": {"uv": [3, 0, 4, 13], "texture": "#basket", "cullface": "down"}
			}
		},
		{
			"from": [0.15, -9, 1],
			"to": [0.15, 0, 2],
			"faces": {
				"west": {"uv": [1, 0, 2, 9], "texture": "#basket", "cullface": "down"}
			}
		},
		{
			"from": [0.15, -15, 0],
			"to": [0.15, 0, 1],
			"faces": {
				"west": {"uv": [0, 0, 1, 15], "texture": "#basket", "cullface": "down"}
			}
		},
		{
			"from": [0.15, -15, 5],
			"to": [0.15, 0, 6],
			"faces": {
				"west": {"uv": [5, 0, 6, 15], "texture": "#basket", "cullface": "down"}
			}
		},
		{
			"from": [0.15, -12, 7],
			"to": [0.15, 0, 8],
			"faces": {
				"west": {"uv": [7, 0, 8, 12], "texture": "#basket", "cullface": "down"}
			}
		},
		{
			"from": [0.15, -10, 8],
			"to": [0.15, 0, 9],
			"faces": {
				"west": {"uv": [8, 0, 9, 10], "texture": "#basket", "cullface": "down"}
			}
		},
		{
			"from": [0.15, -12, 15],
			"to": [0.15, 0, 16],
			"faces": {
				"west": {"uv": [15, 0, 16, 13], "texture": "#basket", "cullface": "down"}
			}
		},
		{
			"from": [0.15, -15, 14],
			"to": [0.15, 0, 15],
			"faces": {
				"west": {"uv": [14, 0, 15, 15], "texture": "#basket", "cullface": "down"}
			}
		},
		{
			"from": [0.15, -16, 13],
			"to": [0.15, 0, 14],
			"faces": {
				"west": {"uv": [13, 0, 14, 16], "texture": "#basket", "cullface": "down"}
			}
		},
		{
			"from": [0.15, -8, 6],
			"to": [0.15, 0, 7],
			"faces": {
				"west": {"uv": [6, 0, 7, 8], "texture": "#basket", "cullface": "down"}
			}
		},
		{
			"from": [0.15, -6, 12],
			"to": [0.15, 0, 13],
			"faces": {
				"west": {"uv": [12, 0, 13, 6], "texture": "#basket", "cullface": "down"}
			}
		},
		{
			"from": [0.15, -14, 4],
			"to": [0.15, 0, 5],
			"faces": {
				"west": {"uv": [4, 0, 5, 14], "texture": "#basket", "cullface": "down"}
			}
		},
		{
			"from": [0.15, -12, 11],
			"to": [0.15, 0, 12],
			"faces": {
				"west": {"uv": [11, 0, 12, 12], "texture": "#basket", "cullface": "down"}
			}
		},
		{
			"from": [0.15, -14, 10],
			"to": [0.15, 0, 11],
			"faces": {
				"west": {"uv": [10, 0, 11, 14], "texture": "#basket", "cullface": "down"}
			}
		},
		{
			"from": [0.15, -13, 9],
			"to": [0.15, 0, 10],
			"faces": {
				"west": {"uv": [9, 0, 10, 13], "texture": "#basket", "cullface": "down"}
			}
		},
		{
			"from": [13, -11, 0.15],
			"to": [14, 0, 0.15],
			"faces": {
				"north": {"uv": [2, 0, 3, 11], "texture": "#basket", "cullface": "down"}
			}
		},
		{
			"from": [12, -13, 0.15],
			"to": [13, 0, 0.15],
			"faces": {
				"north": {"uv": [3, 0, 4, 13], "texture": "#basket", "cullface": "down"}
			}
		},
		{
			"from": [14, -9, 0.15],
			"to": [15, 0, 0.15],
			"faces": {
				"north": {"uv": [1, 0, 2, 9], "texture": "#basket", "cullface": "down"}
			}
		},
		{
			"from": [15, -15, 0.15],
			"to": [16, 0, 0.15],
			"faces": {
				"north": {"uv": [0, 0, 1, 15], "texture": "#basket", "cullface": "down"}
			}
		},
		{
			"from": [10, -15, 0.15],
			"to": [11, 0, 0.15],
			"faces": {
				"north": {"uv": [5, 0, 6, 15], "texture": "#basket", "cullface": "down"}
			}
		},
		{
			"from": [8, -12, 0.15],
			"to": [9, 0, 0.15],
			"faces": {
				"north": {"uv": [7, 0, 8, 12], "texture": "#basket", "cullface": "down"}
			}
		},
		{
			"from": [7, -10, 0.15],
			"to": [8, 0, 0.15],
			"faces": {
				"north": {"uv": [8, 0, 9, 10], "texture": "#basket", "cullface": "down"}
			}
		},
		{
			"from": [0, -12, 0.15],
			"to": [1, 0, 0.15],
			"faces": {
				"north": {"uv": [15, 0, 16, 13], "texture": "#basket", "cullface": "down"}
			}
		},
		{
			"from": [1, -15, 0.15],
			"to": [2, 0, 0.15],
			"faces": {
				"north": {"uv": [14, 0, 15, 15], "texture": "#basket", "cullface": "down"}
			}
		},
		{
			"from": [2, -16, 0.15],
			"to": [3, 0, 0.15],
			"faces": {
				"north": {"uv": [13, 0, 14, 16], "texture": "#basket", "cullface": "down"}
			}
		},
		{
			"from": [9, -8, 0.15],
			"to": [10, 0, 0.15],
			"faces": {
				"north": {"uv": [6, 0, 7, 8], "texture": "#basket", "cullface": "down"}
			}
		},
		{
			"from": [3, -6, 0.15],
			"to": [4, 0, 0.15],
			"faces": {
				"north": {"uv": [12, 0, 13, 6], "texture": "#basket", "cullface": "down"}
			}
		},
		{
			"from": [11, -14, 0.15],
			"to": [12, 0, 0.15],
			"faces": {
				"north": {"uv": [4, 0, 5, 14], "texture": "#basket", "cullface": "down"}
			}
		},
		{
			"from": [4, -12, 0.15],
			"to": [5, 0, 0.15],
			"faces": {
				"north": {"uv": [11, 0, 12, 12], "texture": "#basket", "cullface": "down"}
			}
		},
		{
			"from": [5, -14, 0.15],
			"to": [6, 0, 0.15],
			"faces": {
				"north": {"uv": [10, 0, 11, 14], "texture": "#basket", "cullface": "down"}
			}
		},
		{
			"from": [6, -13, 0.15],
			"to": [7, 0, 0.15],
			"faces": {
				"north": {"uv": [9, 0, 10, 13], "texture": "#basket", "cullface": "down"}
			}
		},
		{
			"from": [15.85, -11, 13],
			"to": [15.85, 0, 14],
			"faces": {
				"east": {"uv": [2, 0, 3, 11], "texture": "#basket", "cullface": "down"}
			}
		},
		{
			"from": [15.85, -13, 12],
			"to": [15.85, 0, 13],
			"faces": {
				"east": {"uv": [3, 0, 4, 13], "texture": "#basket", "cullface": "down"}
			}
		},
		{
			"from": [15.85, -9, 14],
			"to": [15.85, 0, 15],
			"faces": {
				"east": {"uv": [1, 0, 2, 9], "texture": "#basket", "cullface": "down"}
			}
		},
		{
			"from": [15.85, -15, 15],
			"to": [15.85, 0, 16],
			"faces": {
				"east": {"uv": [0, 0, 1, 15], "texture": "#basket", "cullface": "down"}
			}
		},
		{
			"from": [15.85, -15, 10],
			"to": [15.85, 0, 11],
			"faces": {
				"east": {"uv": [5, 0, 6, 15], "texture": "#basket", "cullface": "down"}
			}
		},
		{
			"from": [15.85, -12, 8],
			"to": [15.85, 0, 9],
			"faces": {
				"east": {"uv": [7, 0, 8, 12], "texture": "#basket", "cullface": "down"}
			}
		},
		{
			"from": [15.85, -10, 7],
			"to": [15.85, 0, 8],
			"faces": {
				"east": {"uv": [8, 0, 9, 10], "texture": "#basket", "cullface": "down"}
			}
		},
		{
			"from": [15.85, -12, 0],
			"to": [15.85, 0, 1],
			"faces": {
				"east": {"uv": [15, 0, 16, 13], "texture": "#basket", "cullface": "down"}
			}
		},
		{
			"from": [15.85, -15, 1],
			"to": [15.85, 0, 2],
			"faces": {
				"east": {"uv": [14, 0, 15, 15], "texture": "#basket", "cullface": "down"}
			}
		},
		{
			"from": [15.85, -16, 2],
			"to": [15.85, 0, 3],
			"faces": {
				"east": {"uv": [13, 0, 14, 16], "texture": "#basket", "cullface": "down"}
			}
		},
		{
			"from": [15.85, -8, 9],
			"to": [15.85, 0, 10],
			"faces": {
				"east": {"uv": [6, 0, 7, 8], "texture": "#basket", "cullface": "down"}
			}
		},
		{
			"from": [15.85, -6, 3],
			"to": [15.85, 0, 4],
			"faces": {
				"east": {"uv": [12, 0, 13, 6], "texture": "#basket", "cullface": "down"}
			}
		},
		{
			"from": [15.85, -14, 11],
			"to": [15.85, 0, 12],
			"faces": {
				"east": {"uv": [4, 0, 5, 14], "texture": "#basket", "cullface": "down"}
			}
		},
		{
			"from": [15.85, -12, 4],
			"to": [15.85, 0, 5],
			"faces": {
				"east": {"uv": [11, 0, 12, 12], "texture": "#basket", "cullface": "down"}
			}
		},
		{
			"from": [15.85, -14, 5],
			"to": [15.85, 0, 6],
			"faces": {
				"east": {"uv": [10, 0, 11, 14], "texture": "#basket", "cullface": "down"}
			}
		},
		{
			"from": [15.85, -13, 6],
			"to": [15.85, 0, 7],
			"faces": {
				"east": {"uv": [9, 0, 10, 13], "texture": "#basket", "cullface": "down"}
			}
		}
	],
	"display": {
		"thirdperson_righthand": {
			"rotation": [0, 45, 0],
			"scale": [0.4, 0.4, 0.4]
		},
		"thirdperson_lefthand": {
			"rotation": [0, -135, 0],
			"scale": [0.4, 0.4, 0.4]
		},
		"firstperson_righthand": {
			"rotation": [0, 25, 0],
			"scale": [0.4, 0.4, 0.4]
		},
		"firstperson_lefthand": {
			"rotation": [0, 25, 0],
			"scale": [0.4, 0.4, 0.4]
		},
		"ground": {
			"scale": [0.4, 0.4, 0.4]
		},
		"gui": {
			"rotation": [30, 135, 0],
			"scale": [0.625, 0.625, 0.625]
		},
		"fixed": {
			"scale": [0.5, 0.5, 0.5]
		}
	},
	"groups": [
		0,
		{
			"name": "group",
			"origin": [0, 0, 0],
			"color": 0,
			"children": [1, 2, 3, 4, 5, 6, 7, 8, 9, 10, 11, 12, 13, 14, 15, 16]
		},
		{
			"name": "group",
			"origin": [0, 0, 0],
			"color": 0,
			"children": [17, 18, 19, 20, 21, 22, 23, 24, 25, 26, 27, 28, 29, 30, 31, 32]
		},
		{
			"name": "group",
			"origin": [0, 0, 0],
			"color": 0,
			"children": [33, 34, 35, 36, 37, 38, 39, 40, 41, 42, 43, 44, 45, 46, 47, 48]
		},
		{
			"name": "group",
			"origin": [0, 0, 0],
			"color": 0,
			"children": [49, 50, 51, 52, 53, 54, 55, 56, 57, 58, 59, 60, 61, 62, 63, 64]
		}
	]
}